Season,Round,RaceName,Driver,Team,LapNumber,Stint,Compound,PitDuration_s
2024,1,Bahrain Grand Prix,VER,Red Bull Racing,17.0,1.0,SOFT,
2024,1,Bahrain Grand Prix,VER,Red Bull Racing,37.0,2.0,HARD,
2024,1,Bahrain Grand Prix,PER,Red Bull Racing,12.0,1.0,SOFT,
2024,1,Bahrain Grand Prix,PER,Red Bull Racing,36.0,2.0,HARD,
2024,1,Bahrain Grand Prix,SAI,Ferrari,14.0,1.0,SOFT,
2024,1,Bahrain Grand Prix,SAI,Ferrari,35.0,2.0,HARD,
2024,1,Bahrain Grand Prix,LEC,Ferrari,11.0,1.0,SOFT,
2024,1,Bahrain Grand Prix,LEC,Ferrari,34.0,2.0,HARD,
2024,1,Bahrain Grand Prix,RUS,Mercedes,11.0,1.0,SOFT,
2024,1,Bahrain Grand Prix,RUS,Mercedes,31.0,2.0,HARD,
2024,1,Bahrain Grand Prix,NOR,McLaren,13.0,1.0,SOFT,
2024,1,Bahrain Grand Prix,NOR,McLaren,33.0,2.0,HARD,
2024,1,Bahrain Grand Prix,HAM,Mercedes,12.0,1.0,SOFT,
2024,1,Bahrain Grand Prix,HAM,Mercedes,33.0,2.0,HARD,
2024,1,Bahrain Grand Prix,PIA,McLaren,12.0,1.0,SOFT,
2024,1,Bahrain Grand Prix,PIA,McLaren,34.0,2.0,HARD,
2024,1,Bahrain Grand Prix,ALO,Aston Martin,15.0,1.0,SOFT,
2024,1,Bahrain Grand Prix,ALO,Aston Martin,41.0,2.0,HARD,
2024,1,Bahrain Grand Prix,STR,Aston Martin,9.0,1.0,SOFT,
2024,1,Bahrain Grand Prix,STR,Aston Martin,27.0,2.0,HARD,
2024,1,Bahrain Grand Prix,ZHO,Kick Sauber,9.0,1.0,SOFT,
2024,1,Bahrain Grand Prix,ZHO,Kick Sauber,28.0,2.0,HARD,
2024,1,Bahrain Grand Prix,MAG,Haas F1 Team,11.0,1.0,SOFT,
2024,1,Bahrain Grand Prix,MAG,Haas F1 Team,32.0,2.0,HARD,
2024,1,Bahrain Grand Prix,RIC,RB,13.0,1.0,SOFT,
2024,1,Bahrain Grand Prix,RIC,RB,35.0,2.0,HARD,
2024,1,Bahrain Grand Prix,TSU,RB,14.0,1.0,SOFT,
2024,1,Bahrain Grand Prix,TSU,RB,34.0,2.0,HARD,
2024,1,Bahrain Grand Prix,ALB,Williams,15.0,1.0,SOFT,
2024,1,Bahrain Grand Prix,ALB,Williams,36.0,2.0,HARD,
2024,1,Bahrain Grand Prix,HUL,Haas F1 Team,1.0,1.0,SOFT,
2024,1,Bahrain Grand Prix,HUL,Haas F1 Team,20.0,2.0,HARD,
2024,1,Bahrain Grand Prix,HUL,Haas F1 Team,41.0,3.0,HARD,
2024,1,Bahrain Grand Prix,OCO,Alpine,10.0,1.0,SOFT,
2024,1,Bahrain Grand Prix,OCO,Alpine,30.0,2.0,HARD,
2024,1,Bahrain Grand Prix,GAS,Alpine,12.0,1.0,SOFT,
2024,1,Bahrain Grand Prix,GAS,Alpine,31.0,2.0,HARD,
2024,1,Bahrain Grand Prix,GAS,Alpine,43.0,3.0,HARD,
2024,1,Bahrain Grand Prix,BOT,Kick Sauber,12.0,1.0,SOFT,
2024,1,Bahrain Grand Prix,BOT,Kick Sauber,30.0,2.0,HARD,
2024,1,Bahrain Grand Prix,SAR,Williams,10.0,1.0,SOFT,
2024,1,Bahrain Grand Prix,SAR,Williams,28.0,2.0,HARD,
2024,1,Bahrain Grand Prix,SAR,Williams,40.0,3.0,HARD,
2024,2,Saudi Arabian Grand Prix,VER,Red Bull Racing,7.0,1.0,MEDIUM,
2024,2,Saudi Arabian Grand Prix,GAS,Alpine,1.0,1.0,MEDIUM,
2024,2,Saudi Arabian Grand Prix,PER,Red Bull Racing,7.0,1.0,MEDIUM,
2024,2,Saudi Arabian Grand Prix,ALO,Aston Martin,7.0,1.0,MEDIUM,
2024,2,Saudi Arabian Grand Prix,LEC,Ferrari,7.0,1.0,MEDIUM,
2024,2,Saudi Arabian Grand Prix,SAR,Williams,7.0,1.0,MEDIUM,
2024,2,Saudi Arabian Grand Prix,MAG,Haas F1 Team,7.0,1.0,MEDIUM,
2024,2,Saudi Arabian Grand Prix,TSU,RB,7.0,1.0,MEDIUM,
2024,2,Saudi Arabian Grand Prix,ALB,Williams,7.0,1.0,MEDIUM,
2024,2,Saudi Arabian Grand Prix,ZHO,Kick Sauber,41.0,1.0,MEDIUM,
2024,2,Saudi Arabian Grand Prix,HUL,Haas F1 Team,33.0,1.0,MEDIUM,
2024,2,Saudi Arabian Grand Prix,RIC,RB,7.0,1.0,MEDIUM,
2024,2,Saudi Arabian Grand Prix,OCO,Alpine,7.0,1.0,MEDIUM,
2024,2,Saudi Arabian Grand Prix,BEA,Ferrari,7.0,1.0,SOFT,
2024,2,Saudi Arabian Grand Prix,NOR,McLaren,37.0,1.0,MEDIUM,
2024,2,Saudi Arabian Grand Prix,HAM,Mercedes,36.0,1.0,MEDIUM,
2024,2,Saudi Arabian Grand Prix,RUS,Mercedes,7.0,1.0,MEDIUM,
2024,2,Saudi Arabian Grand Prix,BOT,Kick Sauber,7.0,1.0,SOFT,
2024,2,Saudi Arabian Grand Prix,BOT,Kick Sauber,35.0,2.0,HARD,
2024,2,Saudi Arabian Grand Prix,PIA,McLaren,7.0,1.0,MEDIUM,
2024,3,Australian Grand Prix,VER,Red Bull Racing,4.0,1.0,MEDIUM,
2024,3,Australian Grand Prix,GAS,Alpine,17.0,1.0,MEDIUM,
2024,3,Australian Grand Prix,GAS,Alpine,41.0,2.0,HARD,
2024,3,Australian Grand Prix,PER,Red Bull Racing,14.0,1.0,MEDIUM,
2024,3,Australian Grand Prix,PER,Red Bull Racing,35.0,2.0,HARD,
2024,3,Australian Grand Prix,ALO,Aston Martin,17.0,1.0,HARD,
2024,3,Australian Grand Prix,ALO,Aston Martin,41.0,2.0,MEDIUM,
2024,3,Australian Grand Prix,LEC,Ferrari,9.0,1.0,MEDIUM,
2024,3,Australian Grand Prix,LEC,Ferrari,34.0,2.0,HARD,
2024,3,Australian Grand Prix,STR,Aston Martin,8.0,1.0,MEDIUM,
2024,3,Australian Grand Prix,STR,Aston Martin,37.0,2.0,HARD,
2024,3,Australian Grand Prix,MAG,Haas F1 Team,7.0,1.0,MEDIUM,
2024,3,Australian Grand Prix,MAG,Haas F1 Team,33.0,2.0,HARD,
2024,3,Australian Grand Prix,TSU,RB,9.0,1.0,MEDIUM,
2024,3,Australian Grand Prix,TSU,RB,36.0,2.0,HARD,
2024,3,Australian Grand Prix,ALB,Williams,6.0,1.0,MEDIUM,
2024,3,Australian Grand Prix,ALB,Williams,27.0,2.0,HARD,
2024,3,Australian Grand Prix,ZHO,Kick Sauber,6.0,1.0,SOFT,
2024,3,Australian Grand Prix,ZHO,Kick Sauber,35.0,2.0,HARD,
2024,3,Australian Grand Prix,HUL,Haas F1 Team,17.0,1.0,HARD,
2024,3,Australian Grand Prix,HUL,Haas F1 Team,35.0,2.0,MEDIUM,
2024,3,Australian Grand Prix,RIC,RB,5.0,1.0,SOFT,
2024,3,Australian Grand Prix,RIC,RB,29.0,2.0,HARD,
2024,3,Australian Grand Prix,OCO,Alpine,9.0,1.0,MEDIUM,
2024,3,Australian Grand Prix,OCO,Alpine,16.0,2.0,HARD,
2024,3,Australian Grand Prix,OCO,Alpine,42.0,3.0,HARD,
2024,3,Australian Grand Prix,NOR,McLaren,14.0,1.0,MEDIUM,
2024,3,Australian Grand Prix,NOR,McLaren,40.0,2.0,HARD,
2024,3,Australian Grand Prix,HAM,Mercedes,7.0,1.0,SOFT,
2024,3,Australian Grand Prix,SAI,Ferrari,16.0,1.0,MEDIUM,
2024,3,Australian Grand Prix,SAI,Ferrari,41.0,2.0,HARD,
2024,3,Australian Grand Prix,RUS,Mercedes,8.0,1.0,MEDIUM,
2024,3,Australian Grand Prix,RUS,Mercedes,45.0,2.0,HARD,
2024,3,Australian Grand Prix,BOT,Kick Sauber,8.0,1.0,MEDIUM,
2024,3,Australian Grand Prix,BOT,Kick Sauber,36.0,2.0,HARD,
2024,3,Australian Grand Prix,PIA,McLaren,9.0,1.0,MEDIUM,
2024,3,Australian Grand Prix,PIA,McLaren,39.0,2.0,HARD,
2024,4,Japanese Grand Prix,VER,Red Bull Racing,1.0,1.0,MEDIUM,
2024,4,Japanese Grand Prix,VER,Red Bull Racing,16.0,2.0,MEDIUM,
2024,4,Japanese Grand Prix,VER,Red Bull Racing,34.0,3.0,MEDIUM,
2024,4,Japanese Grand Prix,PER,Red Bull Racing,1.0,1.0,MEDIUM,
2024,4,Japanese Grand Prix,PER,Red Bull Racing,15.0,2.0,MEDIUM,
2024,4,Japanese Grand Prix,PER,Red Bull Racing,33.0,3.0,MEDIUM,
2024,4,Japanese Grand Prix,SAI,Ferrari,1.0,1.0,MEDIUM,
2024,4,Japanese Grand Prix,SAI,Ferrari,15.0,2.0,MEDIUM,
2024,4,Japanese Grand Prix,SAI,Ferrari,36.0,3.0,MEDIUM,
2024,4,Japanese Grand Prix,LEC,Ferrari,1.0,1.0,MEDIUM,
2024,4,Japanese Grand Prix,LEC,Ferrari,26.0,2.0,MEDIUM,
2024,4,Japanese Grand Prix,NOR,McLaren,1.0,1.0,MEDIUM,
2024,4,Japanese Grand Prix,NOR,McLaren,11.0,2.0,MEDIUM,
2024,4,Japanese Grand Prix,NOR,McLaren,26.0,3.0,HARD,
2024,4,Japanese Grand Prix,ALO,Aston Martin,1.0,1.0,SOFT,
2024,4,Japanese Grand Prix,ALO,Aston Martin,13.0,2.0,SOFT,
2024,4,Japanese Grand Prix,ALO,Aston Martin,33.0,3.0,MEDIUM,
2024,4,Japanese Grand Prix,RUS,Mercedes,1.0,1.0,MEDIUM,
2024,4,Japanese Grand Prix,RUS,Mercedes,22.0,2.0,HARD,
2024,4,Japanese Grand Prix,RUS,Mercedes,37.0,3.0,HARD,
2024,4,Japanese Grand Prix,PIA,McLaren,1.0,1.0,MEDIUM,
2024,4,Japanese Grand Prix,PIA,McLaren,12.0,2.0,MEDIUM,
2024,4,Japanese Grand Prix,PIA,McLaren,32.0,3.0,HARD,
2024,4,Japanese Grand Prix,HAM,Mercedes,1.0,1.0,MEDIUM,
2024,4,Japanese Grand Prix,HAM,Mercedes,23.0,2.0,HARD,
2024,4,Japanese Grand Prix,HAM,Mercedes,39.0,3.0,HARD,
2024,4,Japanese Grand Prix,TSU,RB,1.0,1.0,MEDIUM,
2024,4,Japanese Grand Prix,TSU,RB,7.0,2.0,SOFT,
2024,4,Japanese Grand Prix,TSU,RB,22.0,3.0,HARD,
2024,4,Japanese Grand Prix,HUL,Haas F1 Team,1.0,1.0,SOFT,
2024,4,Japanese Grand Prix,HUL,Haas F1 Team,5.0,2.0,SOFT,
2024,4,Japanese Grand Prix,HUL,Haas F1 Team,33.0,3.0,HARD,
2024,4,Japanese Grand Prix,STR,Aston Martin,1.0,1.0,SOFT,
2024,4,Japanese Grand Prix,STR,Aston Martin,12.0,2.0,SOFT,
2024,4,Japanese Grand Prix,STR,Aston Martin,22.0,3.0,MEDIUM,
2024,4,Japanese Grand Prix,STR,Aston Martin,34.0,4.0,HARD,
2024,4,Japanese Grand Prix,MAG,Haas F1 Team,1.0,1.0,MEDIUM,
2024,4,Japanese Grand Prix,MAG,Haas F1 Team,22.0,2.0,MEDIUM,
2024,4,Japanese Grand Prix,BOT,Kick Sauber,1.0,1.0,SOFT,
2024,4,Japanese Grand Prix,BOT,Kick Sauber,6.0,2.0,SOFT,
2024,4,Japanese Grand Prix,BOT,Kick Sauber,22.0,3.0,HARD,
2024,4,Japanese Grand Prix,OCO,Alpine,1.0,1.0,SOFT,
2024,4,Japanese Grand Prix,OCO,Alpine,19.0,2.0,HARD,
2024,4,Japanese Grand Prix,OCO,Alpine,33.0,3.0,HARD,
2024,4,Japanese Grand Prix,GAS,Alpine,1.0,1.0,SOFT,
2024,4,Japanese Grand Prix,GAS,Alpine,16.0,2.0,HARD,
2024,4,Japanese Grand Prix,GAS,Alpine,32.0,3.0,MEDIUM,
2024,4,Japanese Grand Prix,SAR,Williams,1.0,1.0,SOFT,
2024,4,Japanese Grand Prix,SAR,Williams,22.0,2.0,HARD,
2024,4,Japanese Grand Prix,SAR,Williams,34.0,3.0,HARD,
2024,4,Japanese Grand Prix,SAR,Williams,41.0,4.0,MEDIUM,
2024,4,Japanese Grand Prix,ZHO,Kick Sauber,1.0,1.0,MEDIUM,
2024,4,Japanese Grand Prix,ZHO,Kick Sauber,7.0,2.0,SOFT,
2024,4,Japanese Grand Prix,ZHO,Kick Sauber,11.0,3.0,HARD,
2024,4,Japanese Grand Prix,ZHO,Kick Sauber,12.0,4.0,HARD,-101.418
2024,5,Chinese Grand Prix,VER,Red Bull Racing,13.0,1.0,MEDIUM,
2024,5,Chinese Grand Prix,VER,Red Bull Racing,23.0,2.0,HARD,
2024,5,Chinese Grand Prix,GAS,Alpine,11.0,1.0,MEDIUM,
2024,5,Chinese Grand Prix,GAS,Alpine,23.0,2.0,HARD,
2024,5,Chinese Grand Prix,GAS,Alpine,38.0,3.0,HARD,
2024,5,Chinese Grand Prix,PER,Red Bull Racing,13.0,1.0,MEDIUM,
2024,5,Chinese Grand Prix,PER,Red Bull Racing,23.0,2.0,HARD,
2024,5,Chinese Grand Prix,ALO,Aston Martin,11.0,1.0,MEDIUM,
2024,5,Chinese Grand Prix,ALO,Aston Martin,23.0,2.0,HARD,
2024,5,Chinese Grand Prix,ALO,Aston Martin,43.0,3.0,SOFT,
2024,5,Chinese Grand Prix,LEC,Ferrari,21.0,1.0,MEDIUM,
2024,5,Chinese Grand Prix,STR,Aston Martin,9.0,1.0,SOFT,
2024,5,Chinese Grand Prix,STR,Aston Martin,21.0,2.0,MEDIUM,
2024,5,Chinese Grand Prix,STR,Aston Martin,26.0,3.0,HARD,
2024,5,Chinese Grand Prix,STR,Aston Martin,35.0,4.0,MEDIUM,
2024,5,Chinese Grand Prix,SAR,Williams,12.0,1.0,SOFT,
2024,5,Chinese Grand Prix,SAR,Williams,24.0,2.0,MEDIUM,
2024,5,Chinese Grand Prix,MAG,Haas F1 Team,17.0,1.0,HARD,
2024,5,Chinese Grand Prix,MAG,Haas F1 Team,27.0,2.0,HARD,
2024,5,Chinese Grand Prix,TSU,RB,8.0,1.0,SOFT,
2024,5,Chinese Grand Prix,TSU,RB,23.0,2.0,MEDIUM,
2024,5,Chinese Grand Prix,ALB,Williams,9.0,1.0,MEDIUM,
2024,5,Chinese Grand Prix,ALB,Williams,23.0,2.0,MEDIUM,
2024,5,Chinese Grand Prix,ZHO,Kick Sauber,8.0,1.0,MEDIUM,
2024,5,Chinese Grand Prix,ZHO,Kick Sauber,23.0,2.0,HARD,
2024,5,Chinese Grand Prix,ZHO,Kick Sauber,40.0,3.0,HARD,
2024,5,Chinese Grand Prix,HUL,Haas F1 Team,8.0,1.0,MEDIUM,
2024,5,Chinese Grand Prix,HUL,Haas F1 Team,23.0,2.0,HARD,
2024,5,Chinese Grand Prix,RIC,RB,14.0,1.0,MEDIUM,
2024,5,Chinese Grand Prix,RIC,RB,33.0,2.0,MEDIUM,
2024,5,Chinese Grand Prix,OCO,Alpine,9.0,1.0,MEDIUM,
2024,5,Chinese Grand Prix,OCO,Alpine,23.0,2.0,HARD,
2024,5,Chinese Grand Prix,NOR,McLaren,22.0,1.0,MEDIUM,
2024,5,Chinese Grand Prix,HAM,Mercedes,9.0,1.0,SOFT,
2024,5,Chinese Grand Prix,HAM,Mercedes,21.0,2.0,MEDIUM,
2024,5,Chinese Grand Prix,SAI,Ferrari,17.0,1.0,MEDIUM,
2024,5,Chinese Grand Prix,RUS,Mercedes,11.0,1.0,MEDIUM,
2024,5,Chinese Grand Prix,RUS,Mercedes,23.0,2.0,MEDIUM,
2024,5,Chinese Grand Prix,BOT,Kick Sauber,9.0,1.0,MEDIUM,
2024,5,Chinese Grand Prix,PIA,McLaren,16.0,1.0,MEDIUM,
2024,5,Chinese Grand Prix,PIA,McLaren,24.0,2.0,MEDIUM,
2024,6,Miami Grand Prix,VER,Red Bull Racing,23.0,1.0,MEDIUM,
2024,6,Miami Grand Prix,GAS,Alpine,12.0,1.0,MEDIUM,
2024,6,Miami Grand Prix,PER,Red Bull Racing,17.0,1.0,MEDIUM,
2024,6,Miami Grand Prix,PER,Red Bull Racing,28.0,2.0,HARD,
2024,6,Miami Grand Prix,ALO,Aston Martin,22.0,1.0,HARD,
2024,6,Miami Grand Prix,LEC,Ferrari,19.0,1.0,MEDIUM,
2024,6,Miami Grand Prix,STR,Aston Martin,11.0,1.0,MEDIUM,
2024,6,Miami Grand Prix,STR,Aston Martin,28.0,2.0,HARD,
2024,6,Miami Grand Prix,SAR,Williams,11.0,1.0,MEDIUM,
2024,6,Miami Grand Prix,MAG,Haas F1 Team,22.0,1.0,HARD,
2024,6,Miami Grand Prix,MAG,Haas F1 Team,28.0,2.0,MEDIUM,
2024,6,Miami Grand Prix,MAG,Haas F1 Team,31.0,3.0,MEDIUM,
2024,6,Miami Grand Prix,TSU,RB,28.0,1.0,MEDIUM,
2024,6,Miami Grand Prix,ALB,Williams,10.0,1.0,MEDIUM,
2024,6,Miami Grand Prix,ALB,Williams,53.0,2.0,HARD,
2024,6,Miami Grand Prix,ZHO,Kick Sauber,28.0,1.0,MEDIUM,
2024,6,Miami Grand Prix,HUL,Haas F1 Team,12.0,1.0,MEDIUM,
2024,6,Miami Grand Prix,HUL,Haas F1 Team,28.0,2.0,HARD,
2024,6,Miami Grand Prix,RIC,RB,28.0,1.0,HARD,
2024,6,Miami Grand Prix,OCO,Alpine,22.0,1.0,MEDIUM,
2024,6,Miami Grand Prix,NOR,McLaren,29.0,1.0,MEDIUM,
2024,6,Miami Grand Prix,HAM,Mercedes,26.0,1.0,HARD,
2024,6,Miami Grand Prix,SAI,Ferrari,27.0,1.0,MEDIUM,
2024,6,Miami Grand Prix,RUS,Mercedes,24.0,1.0,MEDIUM,
2024,6,Miami Grand Prix,BOT,Kick Sauber,11.0,1.0,SOFT,
2024,6,Miami Grand Prix,BOT,Kick Sauber,29.0,2.0,HARD,
2024,6,Miami Grand Prix,PIA,McLaren,27.0,1.0,MEDIUM,
2024,6,Miami Grand Prix,PIA,McLaren,40.0,2.0,HARD,
2024,7,Emilia Romagna Grand Prix,VER,Red Bull Racing,24.0,1.0,MEDIUM,
2024,7,Emilia Romagna Grand Prix,NOR,McLaren,22.0,1.0,MEDIUM,
2024,7,Emilia Romagna Grand Prix,LEC,Ferrari,25.0,1.0,MEDIUM,
2024,7,Emilia Romagna Grand Prix,PIA,McLaren,23.0,1.0,MEDIUM,
2024,7,Emilia Romagna Grand Prix,SAI,Ferrari,27.0,1.0,MEDIUM,
2024,7,Emilia Romagna Grand Prix,HAM,Mercedes,27.0,1.0,MEDIUM,
2024,7,Emilia Romagna Grand Prix,RUS,Mercedes,21.0,1.0,MEDIUM,
2024,7,Emilia Romagna Grand Prix,RUS,Mercedes,52.0,2.0,HARD,
2024,7,Emilia Romagna Grand Prix,PER,Red Bull Racing,37.0,1.0,HARD,
2024,7,Emilia Romagna Grand Prix,STR,Aston Martin,37.0,1.0,MEDIUM,
2024,7,Emilia Romagna Grand Prix,TSU,RB,12.0,1.0,MEDIUM,
2024,7,Emilia Romagna Grand Prix,HUL,Haas F1 Team,13.0,1.0,MEDIUM,
2024,7,Emilia Romagna Grand Prix,MAG,Haas F1 Team,37.0,1.0,MEDIUM,
2024,7,Emilia Romagna Grand Prix,RIC,RB,11.0,1.0,MEDIUM,
2024,7,Emilia Romagna Grand Prix,OCO,Alpine,25.0,1.0,MEDIUM,
2024,7,Emilia Romagna Grand Prix,ZHO,Kick Sauber,33.0,1.0,HARD,
2024,7,Emilia Romagna Grand Prix,GAS,Alpine,8.0,1.0,SOFT,
2024,7,Emilia Romagna Grand Prix,GAS,Alpine,30.0,2.0,HARD,
2024,7,Emilia Romagna Grand Prix,SAR,Williams,31.0,1.0,HARD,
2024,7,Emilia Romagna Grand Prix,BOT,Kick Sauber,8.0,1.0,MEDIUM,
2024,7,Emilia Romagna Grand Prix,ALO,Aston Martin,7.0,1.0,SOFT,
2024,7,Emilia Romagna Grand Prix,ALO,Aston Martin,40.0,2.0,HARD,
2024,7,Emilia Romagna Grand Prix,ALO,Aston Martin,59.0,3.0,MEDIUM,
2024,7,Emilia Romagna Grand Prix,ALB,Williams,8.0,1.0,MEDIUM,
2024,7,Emilia Romagna Grand Prix,ALB,Williams,9.0,2.0,HARD,-132.794
2024,7,Emilia Romagna Grand Prix,ALB,Williams,23.0,3.0,MEDIUM,
2024,7,Emilia Romagna Grand Prix,ALB,Williams,28.0,4.0,MEDIUM,
2024,7,Emilia Romagna Grand Prix,ALB,Williams,51.0,5.0,MEDIUM,
2024,8,Monaco Grand Prix,LEC,Ferrari,1.0,1.0,MEDIUM,
2024,8,Monaco Grand Prix,PIA,McLaren,1.0,1.0,MEDIUM,
2024,8,Monaco Grand Prix,SAI,Ferrari,1.0,1.0,MEDIUM,
2024,8,Monaco Grand Prix,NOR,McLaren,1.0,1.0,MEDIUM,
2024,8,Monaco Grand Prix,RUS,Mercedes,1.0,1.0,HARD,
2024,8,Monaco Grand Prix,VER,Red Bull Racing,1.0,1.0,HARD,
2024,8,Monaco Grand Prix,VER,Red Bull Racing,52.0,2.0,MEDIUM,
2024,8,Monaco Grand Prix,HAM,Mercedes,1.0,1.0,HARD,
2024,8,Monaco Grand Prix,HAM,Mercedes,51.0,2.0,MEDIUM,
2024,8,Monaco Grand Prix,TSU,RB,1.0,1.0,MEDIUM,
2024,8,Monaco Grand Prix,ALB,Williams,1.0,1.0,MEDIUM,
2024,8,Monaco Grand Prix,GAS,Alpine,1.0,1.0,HARD,
2024,8,Monaco Grand Prix,ALO,Aston Martin,1.0,1.0,HARD,
2024,8,Monaco Grand Prix,RIC,RB,1.0,1.0,MEDIUM,
2024,8,Monaco Grand Prix,BOT,Kick Sauber,1.0,1.0,HARD,
2024,8,Monaco Grand Prix,BOT,Kick Sauber,15.0,2.0,MEDIUM,
2024,8,Monaco Grand Prix,STR,Aston Martin,1.0,1.0,HARD,
2024,8,Monaco Grand Prix,STR,Aston Martin,42.0,2.0,MEDIUM,
2024,8,Monaco Grand Prix,STR,Aston Martin,48.0,3.0,HARD,
2024,8,Monaco Grand Prix,SAR,Williams,1.0,1.0,HARD,
2024,8,Monaco Grand Prix,SAR,Williams,57.0,2.0,HARD,
2024,8,Monaco Grand Prix,ZHO,Kick Sauber,1.0,1.0,MEDIUM,
2024,8,Monaco Grand Prix,ZHO,Kick Sauber,70.0,2.0,HARD,
2024,9,Canadian Grand Prix,VER,Red Bull Racing,25.0,1.0,INTERMEDIATE,
2024,9,Canadian Grand Prix,VER,Red Bull Racing,45.0,2.0,INTERMEDIATE,
2024,9,Canadian Grand Prix,GAS,Alpine,25.0,1.0,INTERMEDIATE,
2024,9,Canadian Grand Prix,GAS,Alpine,40.0,2.0,INTERMEDIATE,
2024,9,Canadian Grand Prix,PER,Red Bull Racing,25.0,1.0,INTERMEDIATE,
2024,9,Canadian Grand Prix,PER,Red Bull Racing,43.0,2.0,INTERMEDIATE,
2024,9,Canadian Grand Prix,PER,Red Bull Racing,52.0,3.0,MEDIUM,
2024,9,Canadian Grand Prix,ALO,Aston Martin,25.0,1.0,INTERMEDIATE,
2024,9,Canadian Grand Prix,ALO,Aston Martin,44.0,2.0,INTERMEDIATE,
2024,9,Canadian Grand Prix,LEC,Ferrari,25.0,1.0,INTERMEDIATE,
2024,9,Canadian Grand Prix,LEC,Ferrari,28.0,2.0,INTERMEDIATE,
2024,9,Canadian Grand Prix,LEC,Ferrari,31.0,3.0,HARD,
2024,9,Canadian Grand Prix,LEC,Ferrari,41.0,4.0,INTERMEDIATE,
2024,9,Canadian Grand Prix,STR,Aston Martin,25.0,1.0,INTERMEDIATE,
2024,9,Canadian Grand Prix,STR,Aston Martin,44.0,2.0,INTERMEDIATE,
2024,9,Canadian Grand Prix,MAG,Haas F1 Team,7.0,1.0,WET,
2024,9,Canadian Grand Prix,MAG,Haas F1 Team,25.0,2.0,INTERMEDIATE,
2024,9,Canadian Grand Prix,MAG,Haas F1 Team,41.0,3.0,INTERMEDIATE,
2024,9,Canadian Grand Prix,MAG,Haas F1 Team,54.0,4.0,MEDIUM,
2024,9,Canadian Grand Prix,TSU,RB,44.0,1.0,INTERMEDIATE,
2024,9,Canadian Grand Prix,ALB,Williams,25.0,1.0,INTERMEDIATE,
2024,9,Canadian Grand Prix,ALB,Williams,44.0,2.0,INTERMEDIATE,
2024,9,Canadian Grand Prix,ZHO,Kick Sauber,24.0,1.0,INTERMEDIATE,
2024,9,Canadian Grand Prix,ZHO,Kick Sauber,44.0,2.0,INTERMEDIATE,
2024,9,Canadian Grand Prix,ZHO,Kick Sauber,52.0,3.0,MEDIUM,
2024,9,Canadian Grand Prix,HUL,Haas F1 Team,12.0,1.0,WET,
2024,9,Canadian Grand Prix,HUL,Haas F1 Team,25.0,2.0,INTERMEDIATE,
2024,9,Canadian Grand Prix,HUL,Haas F1 Team,44.0,3.0,INTERMEDIATE,
2024,9,Canadian Grand Prix,RIC,RB,26.0,1.0,INTERMEDIATE,
2024,9,Canadian Grand Prix,RIC,RB,43.0,2.0,INTERMEDIATE,
2024,9,Canadian Grand Prix,OCO,Alpine,44.0,1.0,INTERMEDIATE,
2024,9,Canadian Grand Prix,NOR,McLaren,26.0,1.0,INTERMEDIATE,
2024,9,Canadian Grand Prix,NOR,McLaren,47.0,2.0,INTERMEDIATE,
2024,9,Canadian Grand Prix,HAM,Mercedes,25.0,1.0,INTERMEDIATE,
2024,9,Canadian Grand Prix,HAM,Mercedes,43.0,2.0,INTERMEDIATE,
2024,9,Canadian Grand Prix,HAM,Mercedes,54.0,3.0,MEDIUM,
2024,9,Canadian Grand Prix,SAI,Ferrari,25.0,1.0,INTERMEDIATE,
2024,9,Canadian Grand Prix,SAI,Ferrari,43.0,2.0,INTERMEDIATE,
2024,9,Canadian Grand Prix,SAI,Ferrari,53.0,3.0,MEDIUM,
2024,9,Canadian Grand Prix,RUS,Mercedes,25.0,1.0,INTERMEDIATE,
2024,9,Canadian Grand Prix,RUS,Mercedes,45.0,2.0,INTERMEDIATE,
2024,9,Canadian Grand Prix,RUS,Mercedes,54.0,3.0,HARD,
2024,9,Canadian Grand Prix,BOT,Kick Sauber,42.0,1.0,INTERMEDIATE,
2024,9,Canadian Grand Prix,PIA,McLaren,25.0,1.0,INTERMEDIATE,
2024,9,Canadian Grand Prix,PIA,McLaren,44.0,2.0,INTERMEDIATE,
2024,10,Spanish Grand Prix,VER,Red Bull Racing,17.0,1.0,SOFT,
2024,10,Spanish Grand Prix,VER,Red Bull Racing,44.0,2.0,MEDIUM,
2024,10,Spanish Grand Prix,NOR,McLaren,23.0,1.0,SOFT,
2024,10,Spanish Grand Prix,NOR,McLaren,47.0,2.0,MEDIUM,
2024,10,Spanish Grand Prix,HAM,Mercedes,16.0,1.0,SOFT,
2024,10,Spanish Grand Prix,HAM,Mercedes,43.0,2.0,MEDIUM,
2024,10,Spanish Grand Prix,RUS,Mercedes,15.0,1.0,SOFT,
2024,10,Spanish Grand Prix,RUS,Mercedes,36.0,2.0,MEDIUM,
2024,10,Spanish Grand Prix,LEC,Ferrari,24.0,1.0,SOFT,
2024,10,Spanish Grand Prix,LEC,Ferrari,47.0,2.0,MEDIUM,
2024,10,Spanish Grand Prix,SAI,Ferrari,15.0,1.0,SOFT,
2024,10,Spanish Grand Prix,SAI,Ferrari,36.0,2.0,MEDIUM,
2024,10,Spanish Grand Prix,PIA,McLaren,21.0,1.0,SOFT,
2024,10,Spanish Grand Prix,PIA,McLaren,46.0,2.0,MEDIUM,
2024,10,Spanish Grand Prix,PER,Red Bull Racing,13.0,1.0,SOFT,
2024,10,Spanish Grand Prix,PER,Red Bull Racing,31.0,2.0,SOFT,
2024,10,Spanish Grand Prix,PER,Red Bull Racing,49.0,3.0,MEDIUM,
2024,10,Spanish Grand Prix,GAS,Alpine,14.0,1.0,SOFT,
2024,10,Spanish Grand Prix,GAS,Alpine,38.0,2.0,MEDIUM,
2024,10,Spanish Grand Prix,OCO,Alpine,13.0,1.0,SOFT,
2024,10,Spanish Grand Prix,OCO,Alpine,37.0,2.0,MEDIUM,
2024,10,Spanish Grand Prix,HUL,Haas F1 Team,12.0,1.0,SOFT,
2024,10,Spanish Grand Prix,HUL,Haas F1 Team,38.0,2.0,MEDIUM,
2024,10,Spanish Grand Prix,ALO,Aston Martin,19.0,1.0,SOFT,
2024,10,Spanish Grand Prix,ALO,Aston Martin,45.0,2.0,MEDIUM,
2024,10,Spanish Grand Prix,ZHO,Kick Sauber,9.0,1.0,SOFT,
2024,10,Spanish Grand Prix,ZHO,Kick Sauber,41.0,2.0,MEDIUM,
2024,10,Spanish Grand Prix,STR,Aston Martin,17.0,1.0,SOFT,
2024,10,Spanish Grand Prix,STR,Aston Martin,37.0,2.0,MEDIUM,
2024,10,Spanish Grand Prix,RIC,RB,16.0,1.0,SOFT,
2024,10,Spanish Grand Prix,RIC,RB,42.0,2.0,MEDIUM,
2024,10,Spanish Grand Prix,BOT,Kick Sauber,11.0,1.0,SOFT,
2024,10,Spanish Grand Prix,BOT,Kick Sauber,28.0,2.0,SOFT,
2024,10,Spanish Grand Prix,MAG,Haas F1 Team,10.0,1.0,SOFT,
2024,10,Spanish Grand Prix,MAG,Haas F1 Team,29.0,2.0,MEDIUM,
2024,10,Spanish Grand Prix,ALB,Williams,18.0,1.0,MEDIUM,
2024,10,Spanish Grand Prix,ALB,Williams,43.0,2.0,SOFT,
2024,10,Spanish Grand Prix,TSU,RB,9.0,1.0,SOFT,
2024,10,Spanish Grand Prix,TSU,RB,27.0,2.0,MEDIUM,
2024,10,Spanish Grand Prix,TSU,RB,44.0,3.0,HARD,
2024,10,Spanish Grand Prix,SAR,Williams,14.0,1.0,SOFT,
2024,10,Spanish Grand Prix,SAR,Williams,34.0,2.0,MEDIUM,
2024,11,Austrian Grand Prix,RUS,Mercedes,22.0,1.0,MEDIUM,
2024,11,Austrian Grand Prix,RUS,Mercedes,46.0,2.0,MEDIUM,
2024,11,Austrian Grand Prix,PIA,McLaren,25.0,1.0,MEDIUM,
2024,11,Austrian Grand Prix,PIA,McLaren,51.0,2.0,HARD,
2024,11,Austrian Grand Prix,SAI,Ferrari,22.0,1.0,MEDIUM,
2024,11,Austrian Grand Prix,SAI,Ferrari,47.0,2.0,HARD,
2024,11,Austrian Grand Prix,HAM,Mercedes,21.0,1.0,MEDIUM,
2024,11,Austrian Grand Prix,HAM,Mercedes,53.0,2.0,HARD,
2024,11,Austrian Grand Prix,VER,Red Bull Racing,23.0,1.0,MEDIUM,
2024,11,Austrian Grand Prix,VER,Red Bull Racing,51.0,2.0,HARD,
2024,11,Austrian Grand Prix,VER,Red Bull Racing,64.0,3.0,MEDIUM,
2024,11,Austrian Grand Prix,HUL,Haas F1 Team,11.0,1.0,MEDIUM,
2024,11,Austrian Grand Prix,HUL,Haas F1 Team,39.0,2.0,HARD,
2024,11,Austrian Grand Prix,PER,Red Bull Racing,21.0,1.0,MEDIUM,
2024,11,Austrian Grand Prix,PER,Red Bull Racing,51.0,2.0,HARD,
2024,11,Austrian Grand Prix,MAG,Haas F1 Team,10.0,1.0,MEDIUM,
2024,11,Austrian Grand Prix,MAG,Haas F1 Team,38.0,2.0,HARD,
2024,11,Austrian Grand Prix,RIC,RB,10.0,1.0,MEDIUM,
2024,11,Austrian Grand Prix,RIC,RB,37.0,2.0,HARD,
2024,11,Austrian Grand Prix,GAS,Alpine,20.0,1.0,MEDIUM,
2024,11,Austrian Grand Prix,GAS,Alpine,42.0,2.0,HARD,
2024,11,Austrian Grand Prix,LEC,Ferrari,1.0,1.0,MEDIUM,
2024,11,Austrian Grand Prix,LEC,Ferrari,16.0,2.0,HARD,
2024,11,Austrian Grand Prix,LEC,Ferrari,33.0,3.0,MEDIUM,
2024,11,Austrian Grand Prix,LEC,Ferrari,51.0,4.0,MEDIUM,
2024,11,Austrian Grand Prix,OCO,Alpine,19.0,1.0,MEDIUM,
2024,11,Austrian Grand Prix,OCO,Alpine,43.0,2.0,HARD,
2024,11,Austrian Grand Prix,STR,Aston Martin,20.0,1.0,MEDIUM,
2024,11,Austrian Grand Prix,STR,Aston Martin,43.0,2.0,MEDIUM,
2024,11,Austrian Grand Prix,TSU,RB,21.0,1.0,MEDIUM,
2024,11,Austrian Grand Prix,TSU,RB,44.0,2.0,HARD,
2024,11,Austrian Grand Prix,ALB,Williams,12.0,1.0,MEDIUM,
2024,11,Austrian Grand Prix,ALB,Williams,39.0,2.0,HARD,
2024,11,Austrian Grand Prix,BOT,Kick Sauber,19.0,1.0,MEDIUM,
2024,11,Austrian Grand Prix,BOT,Kick Sauber,42.0,2.0,HARD,
2024,11,Austrian Grand Prix,ZHO,Kick Sauber,28.0,1.0,HARD,
2024,11,Austrian Grand Prix,ZHO,Kick Sauber,51.0,2.0,MEDIUM,
2024,11,Austrian Grand Prix,ALO,Aston Martin,11.0,1.0,MEDIUM,
2024,11,Austrian Grand Prix,ALO,Aston Martin,35.0,2.0,MEDIUM,
2024,11,Austrian Grand Prix,ALO,Aston Martin,68.0,3.0,HARD,
2024,11,Austrian Grand Prix,SAR,Williams,1.0,1.0,MEDIUM,
2024,11,Austrian Grand Prix,SAR,Williams,20.0,2.0,MEDIUM,
2024,11,Austrian Grand Prix,SAR,Williams,49.0,3.0,HARD,
2024,11,Austrian Grand Prix,NOR,McLaren,23.0,1.0,MEDIUM,
2024,11,Austrian Grand Prix,NOR,McLaren,51.0,2.0,HARD,
2024,11,Austrian Grand Prix,NOR,McLaren,64.0,3.0,MEDIUM,
2024,12,British Grand Prix,HAM,Mercedes,27.0,1.0,MEDIUM,
2024,12,British Grand Prix,HAM,Mercedes,38.0,2.0,INTERMEDIATE,
2024,12,British Grand Prix,VER,Red Bull Racing,26.0,1.0,MEDIUM,
2024,12,British Grand Prix,VER,Red Bull Racing,38.0,2.0,INTERMEDIATE,
2024,12,British Grand Prix,NOR,McLaren,27.0,1.0,MEDIUM,
2024,12,British Grand Prix,NOR,McLaren,39.0,2.0,INTERMEDIATE,
2024,12,British Grand Prix,PIA,McLaren,28.0,1.0,MEDIUM,
2024,12,British Grand Prix,PIA,McLaren,38.0,2.0,INTERMEDIATE,
2024,12,British Grand Prix,SAI,Ferrari,26.0,1.0,MEDIUM,
2024,12,British Grand Prix,SAI,Ferrari,39.0,2.0,INTERMEDIATE,
2024,12,British Grand Prix,SAI,Ferrari,50.0,3.0,HARD,
2024,12,British Grand Prix,HUL,Haas F1 Team,26.0,1.0,MEDIUM,
2024,12,British Grand Prix,HUL,Haas F1 Team,39.0,2.0,INTERMEDIATE,
2024,12,British Grand Prix,STR,Aston Martin,26.0,1.0,MEDIUM,
2024,12,British Grand Prix,STR,Aston Martin,39.0,2.0,INTERMEDIATE,
2024,12,British Grand Prix,ALO,Aston Martin,27.0,1.0,MEDIUM,
2024,12,British Grand Prix,ALO,Aston Martin,38.0,2.0,INTERMEDIATE,
2024,12,British Grand Prix,ALB,Williams,27.0,1.0,MEDIUM,
2024,12,British Grand Prix,ALB,Williams,38.0,2.0,INTERMEDIATE,
2024,12,British Grand Prix,TSU,RB,27.0,1.0,MEDIUM,
2024,12,British Grand Prix,TSU,RB,38.0,2.0,INTERMEDIATE,
2024,12,British Grand Prix,SAR,Williams,27.0,1.0,MEDIUM,
2024,12,British Grand Prix,SAR,Williams,38.0,2.0,INTERMEDIATE,
2024,12,British Grand Prix,MAG,Haas F1 Team,27.0,1.0,MEDIUM,
2024,12,British Grand Prix,MAG,Haas F1 Team,37.0,2.0,INTERMEDIATE,
2024,12,British Grand Prix,RIC,RB,26.0,1.0,MEDIUM,
2024,12,British Grand Prix,RIC,RB,37.0,2.0,INTERMEDIATE,
2024,12,British Grand Prix,LEC,Ferrari,19.0,1.0,MEDIUM,
2024,12,British Grand Prix,LEC,Ferrari,27.0,2.0,INTERMEDIATE,
2024,12,British Grand Prix,LEC,Ferrari,37.0,3.0,INTERMEDIATE,
2024,12,British Grand Prix,BOT,Kick Sauber,26.0,1.0,MEDIUM,
2024,12,British Grand Prix,BOT,Kick Sauber,37.0,2.0,INTERMEDIATE,
2024,12,British Grand Prix,OCO,Alpine,19.0,1.0,SOFT,
2024,12,British Grand Prix,OCO,Alpine,21.0,2.0,INTERMEDIATE,
2024,12,British Grand Prix,OCO,Alpine,26.0,3.0,MEDIUM,
2024,12,British Grand Prix,OCO,Alpine,38.0,4.0,INTERMEDIATE,
2024,12,British Grand Prix,PER,Red Bull Racing,19.0,1.0,HARD,
2024,12,British Grand Prix,PER,Red Bull Racing,28.0,2.0,INTERMEDIATE,
2024,12,British Grand Prix,PER,Red Bull Racing,37.0,3.0,INTERMEDIATE,
2024,12,British Grand Prix,PER,Red Bull Racing,47.0,4.0,MEDIUM,
2024,12,British Grand Prix,ZHO,Kick Sauber,12.0,1.0,SOFT,
2024,12,British Grand Prix,ZHO,Kick Sauber,19.0,2.0,MEDIUM,
2024,12,British Grand Prix,ZHO,Kick Sauber,26.0,3.0,INTERMEDIATE,
2024,12,British Grand Prix,ZHO,Kick Sauber,37.0,4.0,INTERMEDIATE,
2024,12,British Grand Prix,RUS,Mercedes,27.0,1.0,MEDIUM,
2024,12,British Grand Prix,RUS,Mercedes,33.0,2.0,INTERMEDIATE,
2024,13,Hungarian Grand Prix,PIA,McLaren,18.0,1.0,MEDIUM,
2024,13,Hungarian Grand Prix,PIA,McLaren,47.0,2.0,HARD,
2024,13,Hungarian Grand Prix,NOR,McLaren,17.0,1.0,MEDIUM,
2024,13,Hungarian Grand Prix,NOR,McLaren,45.0,2.0,HARD,
2024,13,Hungarian Grand Prix,HAM,Mercedes,16.0,1.0,MEDIUM,
2024,13,Hungarian Grand Prix,HAM,Mercedes,40.0,2.0,HARD,
2024,13,Hungarian Grand Prix,LEC,Ferrari,23.0,1.0,MEDIUM,
2024,13,Hungarian Grand Prix,LEC,Ferrari,40.0,2.0,HARD,
2024,13,Hungarian Grand Prix,VER,Red Bull Racing,21.0,1.0,MEDIUM,
2024,13,Hungarian Grand Prix,VER,Red Bull Racing,49.0,2.0,HARD,
2024,13,Hungarian Grand Prix,SAI,Ferrari,21.0,1.0,MEDIUM,
2024,13,Hungarian Grand Prix,SAI,Ferrari,47.0,2.0,HARD,
2024,13,Hungarian Grand Prix,PER,Red Bull Racing,28.0,1.0,HARD,
2024,13,Hungarian Grand Prix,PER,Red Bull Racing,47.0,2.0,MEDIUM,
2024,13,Hungarian Grand Prix,RUS,Mercedes,33.0,1.0,HARD,
2024,13,Hungarian Grand Prix,RUS,Mercedes,53.0,2.0,MEDIUM,
2024,13,Hungarian Grand Prix,TSU,RB,29.0,1.0,MEDIUM,
2024,13,Hungarian Grand Prix,STR,Aston Martin,14.0,1.0,SOFT,
2024,13,Hungarian Grand Prix,STR,Aston Martin,45.0,2.0,MEDIUM,
2024,13,Hungarian Grand Prix,ALO,Aston Martin,7.0,1.0,SOFT,
2024,13,Hungarian Grand Prix,ALO,Aston Martin,37.0,2.0,MEDIUM,
2024,13,Hungarian Grand Prix,RIC,RB,7.0,1.0,MEDIUM,
2024,13,Hungarian Grand Prix,RIC,RB,28.0,2.0,HARD,
2024,13,Hungarian Grand Prix,HUL,Haas F1 Team,2.0,1.0,MEDIUM,
2024,13,Hungarian Grand Prix,HUL,Haas F1 Team,29.0,2.0,HARD,
2024,13,Hungarian Grand Prix,ALB,Williams,6.0,1.0,SOFT,
2024,13,Hungarian Grand Prix,ALB,Williams,29.0,2.0,HARD,
2024,13,Hungarian Grand Prix,MAG,Haas F1 Team,6.0,1.0,SOFT,
2024,13,Hungarian Grand Prix,MAG,Haas F1 Team,34.0,2.0,HARD,
2024,13,Hungarian Grand Prix,BOT,Kick Sauber,16.0,1.0,MEDIUM,
2024,13,Hungarian Grand Prix,BOT,Kick Sauber,45.0,2.0,HARD,
2024,13,Hungarian Grand Prix,SAR,Williams,8.0,1.0,MEDIUM,
2024,13,Hungarian Grand Prix,SAR,Williams,33.0,2.0,HARD,
2024,13,Hungarian Grand Prix,SAR,Williams,63.0,3.0,HARD,
2024,13,Hungarian Grand Prix,OCO,Alpine,6.0,1.0,MEDIUM,
2024,13,Hungarian Grand Prix,OCO,Alpine,30.0,2.0,HARD,
2024,13,Hungarian Grand Prix,OCO,Alpine,64.0,3.0,HARD,
2024,13,Hungarian Grand Prix,ZHO,Kick Sauber,7.0,1.0,MEDIUM,
2024,13,Hungarian Grand Prix,ZHO,Kick Sauber,36.0,2.0,HARD,
2024,13,Hungarian Grand Prix,GAS,Alpine,28.0,1.0,HARD,
2024,13,Hungarian Grand Prix,GAS,Alpine,33.0,2.0,MEDIUM,
2024,14,Belgian Grand Prix,HAM,Mercedes,11.0,1.0,MEDIUM,
2024,14,Belgian Grand Prix,HAM,Mercedes,26.0,2.0,HARD,
2024,14,Belgian Grand Prix,PIA,McLaren,11.0,1.0,MEDIUM,
2024,14,Belgian Grand Prix,PIA,McLaren,30.0,2.0,HARD,
2024,14,Belgian Grand Prix,LEC,Ferrari,12.0,1.0,MEDIUM,
2024,14,Belgian Grand Prix,LEC,Ferrari,25.0,2.0,HARD,
2024,14,Belgian Grand Prix,VER,Red Bull Racing,10.0,1.0,MEDIUM,
2024,14,Belgian Grand Prix,VER,Red Bull Racing,28.0,2.0,HARD,
2024,14,Belgian Grand Prix,NOR,McLaren,15.0,1.0,MEDIUM,
2024,14,Belgian Grand Prix,NOR,McLaren,29.0,2.0,HARD,
2024,14,Belgian Grand Prix,SAI,Ferrari,20.0,1.0,HARD,
2024,14,Belgian Grand Prix,SAI,Ferrari,28.0,2.0,MEDIUM,
2024,14,Belgian Grand Prix,PER,Red Bull Racing,11.0,1.0,MEDIUM,
2024,14,Belgian Grand Prix,PER,Red Bull Racing,21.0,2.0,MEDIUM,
2024,14,Belgian Grand Prix,PER,Red Bull Racing,42.0,3.0,HARD,
2024,14,Belgian Grand Prix,ALO,Aston Martin,13.0,1.0,MEDIUM,
2024,14,Belgian Grand Prix,OCO,Alpine,12.0,1.0,MEDIUM,
2024,14,Belgian Grand Prix,OCO,Alpine,30.0,2.0,HARD,
2024,14,Belgian Grand Prix,RIC,RB,8.0,1.0,SOFT,
2024,14,Belgian Grand Prix,RIC,RB,21.0,2.0,MEDIUM,
2024,14,Belgian Grand Prix,STR,Aston Martin,12.0,1.0,MEDIUM,
2024,14,Belgian Grand Prix,ALB,Williams,8.0,1.0,MEDIUM,
2024,14,Belgian Grand Prix,ALB,Williams,23.0,2.0,MEDIUM,
2024,14,Belgian Grand Prix,GAS,Alpine,9.0,1.0,MEDIUM,
2024,14,Belgian Grand Prix,GAS,Alpine,28.0,2.0,HARD,
2024,14,Belgian Grand Prix,MAG,Haas F1 Team,17.0,1.0,MEDIUM,
2024,14,Belgian Grand Prix,BOT,Kick Sauber,11.0,1.0,MEDIUM,
2024,14,Belgian Grand Prix,BOT,Kick Sauber,35.0,2.0,HARD,
2024,14,Belgian Grand Prix,TSU,RB,15.0,1.0,MEDIUM,
2024,14,Belgian Grand Prix,SAR,Williams,8.0,1.0,MEDIUM,
2024,14,Belgian Grand Prix,SAR,Williams,24.0,2.0,MEDIUM,
2024,14,Belgian Grand Prix,HUL,Haas F1 Team,7.0,1.0,MEDIUM,
2024,14,Belgian Grand Prix,HUL,Haas F1 Team,20.0,2.0,HARD,
2024,14,Belgian Grand Prix,ZHO,Kick Sauber,5.0,1.0,HARD,
2024,14,Belgian Grand Prix,RUS,Mercedes,10.0,1.0,MEDIUM,
2024,15,Dutch Grand Prix,NOR,McLaren,28.0,1.0,MEDIUM,
2024,15,Dutch Grand Prix,VER,Red Bull Racing,27.0,1.0,MEDIUM,
2024,15,Dutch Grand Prix,LEC,Ferrari,24.0,1.0,MEDIUM,
2024,15,Dutch Grand Prix,PIA,McLaren,33.0,1.0,MEDIUM,
2024,15,Dutch Grand Prix,SAI,Ferrari,30.0,1.0,MEDIUM,
2024,15,Dutch Grand Prix,PER,Red Bull Racing,29.0,1.0,MEDIUM,
2024,15,Dutch Grand Prix,RUS,Mercedes,25.0,1.0,MEDIUM,
2024,15,Dutch Grand Prix,RUS,Mercedes,54.0,2.0,HARD,
2024,15,Dutch Grand Prix,HAM,Mercedes,23.0,1.0,SOFT,
2024,15,Dutch Grand Prix,HAM,Mercedes,48.0,2.0,HARD,
2024,15,Dutch Grand Prix,GAS,Alpine,32.0,1.0,MEDIUM,
2024,15,Dutch Grand Prix,ALO,Aston Martin,31.0,1.0,MEDIUM,
2024,15,Dutch Grand Prix,HUL,Haas F1 Team,14.0,1.0,MEDIUM,
2024,15,Dutch Grand Prix,RIC,RB,29.0,1.0,MEDIUM,
2024,15,Dutch Grand Prix,STR,Aston Martin,30.0,1.0,MEDIUM,
2024,15,Dutch Grand Prix,ALB,Williams,12.0,1.0,MEDIUM,
2024,15,Dutch Grand Prix,ALB,Williams,54.0,2.0,HARD,
2024,15,Dutch Grand Prix,OCO,Alpine,30.0,1.0,MEDIUM,
2024,15,Dutch Grand Prix,SAR,Williams,22.0,1.0,MEDIUM,
2024,15,Dutch Grand Prix,TSU,RB,14.0,1.0,SOFT,
2024,15,Dutch Grand Prix,TSU,RB,32.0,2.0,MEDIUM,
2024,15,Dutch Grand Prix,MAG,Haas F1 Team,40.0,1.0,HARD,
2024,15,Dutch Grand Prix,BOT,Kick Sauber,15.0,1.0,SOFT,
2024,15,Dutch Grand Prix,BOT,Kick Sauber,43.0,2.0,HARD,
2024,15,Dutch Grand Prix,ZHO,Kick Sauber,18.0,1.0,MEDIUM,
2024,15,Dutch Grand Prix,ZHO,Kick Sauber,51.0,2.0,HARD,
2024,16,Italian Grand Prix,LEC,Ferrari,15.0,1.0,MEDIUM,
2024,16,Italian Grand Prix,PIA,McLaren,16.0,1.0,MEDIUM,
2024,16,Italian Grand Prix,PIA,McLaren,38.0,2.0,HARD,
2024,16,Italian Grand Prix,NOR,McLaren,14.0,1.0,MEDIUM,
2024,16,Italian Grand Prix,NOR,McLaren,32.0,2.0,HARD,
2024,16,Italian Grand Prix,SAI,Ferrari,19.0,1.0,MEDIUM,
2024,16,Italian Grand Prix,HAM,Mercedes,15.0,1.0,MEDIUM,
2024,16,Italian Grand Prix,HAM,Mercedes,37.0,2.0,HARD,
2024,16,Italian Grand Prix,VER,Red Bull Racing,22.0,1.0,HARD,
2024,16,Italian Grand Prix,VER,Red Bull Racing,41.0,2.0,HARD,
2024,16,Italian Grand Prix,RUS,Mercedes,11.0,1.0,MEDIUM,
2024,16,Italian Grand Prix,RUS,Mercedes,33.0,2.0,HARD,
2024,16,Italian Grand Prix,PER,Red Bull Racing,23.0,1.0,HARD,
2024,16,Italian Grand Prix,PER,Red Bull Racing,35.0,2.0,HARD,
2024,16,Italian Grand Prix,ALB,Williams,17.0,1.0,MEDIUM,
2024,16,Italian Grand Prix,MAG,Haas F1 Team,14.0,1.0,MEDIUM,
2024,16,Italian Grand Prix,ALO,Aston Martin,12.0,1.0,MEDIUM,
2024,16,Italian Grand Prix,ALO,Aston Martin,35.0,2.0,HARD,
2024,16,Italian Grand Prix,COL,Williams,16.0,1.0,MEDIUM,
2024,16,Italian Grand Prix,RIC,RB,11.0,1.0,MEDIUM,
2024,16,Italian Grand Prix,OCO,Alpine,31.0,1.0,HARD,
2024,16,Italian Grand Prix,GAS,Alpine,10.0,1.0,MEDIUM,
2024,16,Italian Grand Prix,GAS,Alpine,30.0,2.0,HARD,
2024,16,Italian Grand Prix,BOT,Kick Sauber,33.0,1.0,HARD,
2024,16,Italian Grand Prix,HUL,Haas F1 Team,5.0,1.0,MEDIUM,
2024,16,Italian Grand Prix,HUL,Haas F1 Team,32.0,2.0,HARD,
2024,16,Italian Grand Prix,ZHO,Kick Sauber,15.0,1.0,MEDIUM,
2024,16,Italian Grand Prix,STR,Aston Martin,19.0,1.0,HARD,
2024,16,Italian Grand Prix,STR,Aston Martin,36.0,2.0,HARD,
2024,16,Italian Grand Prix,STR,Aston Martin,50.0,3.0,MEDIUM,
2024,16,Italian Grand Prix,TSU,RB,7.0,1.0,HARD,
2024,17,Azerbaijan Grand Prix,VER,Red Bull Racing,12.0,1.0,MEDIUM,
2024,17,Azerbaijan Grand Prix,VER,Red Bull Racing,49.0,2.0,HARD,
2024,17,Azerbaijan Grand Prix,GAS,Alpine,50.0,1.0,HARD,
2024,17,Azerbaijan Grand Prix,PER,Red Bull Racing,13.0,1.0,MEDIUM,
2024,17,Azerbaijan Grand Prix,ALO,Aston Martin,11.0,1.0,MEDIUM,
2024,17,Azerbaijan Grand Prix,LEC,Ferrari,16.0,1.0,MEDIUM,
2024,17,Azerbaijan Grand Prix,STR,Aston Martin,1.0,1.0,MEDIUM,
2024,17,Azerbaijan Grand Prix,STR,Aston Martin,22.0,2.0,HARD,
2024,17,Azerbaijan Grand Prix,STR,Aston Martin,45.0,3.0,HARD,
2024,17,Azerbaijan Grand Prix,TSU,RB,12.0,1.0,MEDIUM,
2024,17,Azerbaijan Grand Prix,TSU,RB,14.0,2.0,HARD,
2024,17,Azerbaijan Grand Prix,ALB,Williams,31.0,1.0,HARD,
2024,17,Azerbaijan Grand Prix,ZHO,Kick Sauber,34.0,1.0,HARD,
2024,17,Azerbaijan Grand Prix,HUL,Haas F1 Team,15.0,1.0,MEDIUM,
2024,17,Azerbaijan Grand Prix,RIC,RB,49.0,1.0,HARD,
2024,17,Azerbaijan Grand Prix,OCO,Alpine,49.0,1.0,HARD,
2024,17,Azerbaijan Grand Prix,NOR,McLaren,37.0,1.0,HARD,
2024,17,Azerbaijan Grand Prix,COL,Williams,10.0,1.0,MEDIUM,
2024,17,Azerbaijan Grand Prix,HAM,Mercedes,12.0,1.0,MEDIUM,
2024,17,Azerbaijan Grand Prix,BEA,Haas F1 Team,14.0,1.0,MEDIUM,
2024,17,Azerbaijan Grand Prix,SAI,Ferrari,17.0,1.0,MEDIUM,
2024,17,Azerbaijan Grand Prix,RUS,Mercedes,12.0,1.0,MEDIUM,
2024,17,Azerbaijan Grand Prix,BOT,Kick Sauber,11.0,1.0,MEDIUM,
2024,17,Azerbaijan Grand Prix,PIA,McLaren,15.0,1.0,MEDIUM,
2024,18,Singapore Grand Prix,NOR,McLaren,30.0,1.0,MEDIUM,
2024,18,Singapore Grand Prix,VER,Red Bull Racing,29.0,1.0,MEDIUM,
2024,18,Singapore Grand Prix,PIA,McLaren,38.0,1.0,MEDIUM,
2024,18,Singapore Grand Prix,RUS,Mercedes,27.0,1.0,MEDIUM,
2024,18,Singapore Grand Prix,LEC,Ferrari,36.0,1.0,MEDIUM,
2024,18,Singapore Grand Prix,HAM,Mercedes,17.0,1.0,SOFT,
2024,18,Singapore Grand Prix,SAI,Ferrari,13.0,1.0,MEDIUM,
2024,18,Singapore Grand Prix,ALO,Aston Martin,25.0,1.0,MEDIUM,
2024,18,Singapore Grand Prix,HUL,Haas F1 Team,29.0,1.0,MEDIUM,
2024,18,Singapore Grand Prix,PER,Red Bull Racing,28.0,1.0,MEDIUM,
2024,18,Singapore Grand Prix,COL,Williams,29.0,1.0,MEDIUM,
2024,18,Singapore Grand Prix,TSU,RB,33.0,1.0,MEDIUM,
2024,18,Singapore Grand Prix,OCO,Alpine,29.0,1.0,MEDIUM,
2024,18,Singapore Grand Prix,STR,Aston Martin,26.0,1.0,HARD,
2024,18,Singapore Grand Prix,ZHO,Kick Sauber,34.0,1.0,HARD,
2024,18,Singapore Grand Prix,BOT,Kick Sauber,33.0,1.0,HARD,
2024,18,Singapore Grand Prix,GAS,Alpine,37.0,1.0,MEDIUM,
2024,18,Singapore Grand Prix,RIC,RB,10.0,1.0,SOFT,
2024,18,Singapore Grand Prix,RIC,RB,46.0,2.0,MEDIUM,
2024,18,Singapore Grand Prix,RIC,RB,58.0,3.0,SOFT,
2024,18,Singapore Grand Prix,MAG,Haas F1 Team,28.0,1.0,HARD,
2024,18,Singapore Grand Prix,MAG,Haas F1 Team,49.0,2.0,MEDIUM,
2024,18,Singapore Grand Prix,MAG,Haas F1 Team,57.0,3.0,SOFT,
2024,18,Singapore Grand Prix,ALB,Williams,11.0,1.0,MEDIUM,
2024,18,Singapore Grand Prix,ALB,Williams,15.0,2.0,HARD,
2024,19,United States Grand Prix,VER,Red Bull Racing,25.0,1.0,MEDIUM,
2024,19,United States Grand Prix,GAS,Alpine,18.0,1.0,MEDIUM,
2024,19,United States Grand Prix,PER,Red Bull Racing,26.0,1.0,MEDIUM,
2024,19,United States Grand Prix,ALO,Aston Martin,26.0,1.0,MEDIUM,
2024,19,United States Grand Prix,LEC,Ferrari,26.0,1.0,MEDIUM,
2024,19,United States Grand Prix,STR,Aston Martin,27.0,1.0,HARD,
2024,19,United States Grand Prix,MAG,Haas F1 Team,17.0,1.0,MEDIUM,
2024,19,United States Grand Prix,MAG,Haas F1 Team,38.0,2.0,HARD,
2024,19,United States Grand Prix,TSU,RB,18.0,1.0,MEDIUM,
2024,19,United States Grand Prix,ALB,Williams,3.0,1.0,MEDIUM,
2024,19,United States Grand Prix,ALB,Williams,33.0,2.0,MEDIUM,
2024,19,United States Grand Prix,ZHO,Kick Sauber,13.0,1.0,MEDIUM,
2024,19,United States Grand Prix,ZHO,Kick Sauber,35.0,2.0,MEDIUM,
2024,19,United States Grand Prix,HUL,Haas F1 Team,27.0,1.0,MEDIUM,
2024,19,United States Grand Prix,LAW,RB,36.0,1.0,HARD,
2024,19,United States Grand Prix,OCO,Alpine,31.0,1.0,MEDIUM,
2024,19,United States Grand Prix,OCO,Alpine,51.0,2.0,HARD,
2024,19,United States Grand Prix,NOR,McLaren,31.0,1.0,MEDIUM,
2024,19,United States Grand Prix,COL,Williams,39.0,1.0,HARD,
2024,19,United States Grand Prix,SAI,Ferrari,21.0,1.0,MEDIUM,
2024,19,United States Grand Prix,RUS,Mercedes,40.0,1.0,HARD,
2024,19,United States Grand Prix,BOT,Kick Sauber,15.0,1.0,MEDIUM,
2024,19,United States Grand Prix,PIA,McLaren,32.0,1.0,MEDIUM,
2024,20,Mexico City Grand Prix,SAI,Ferrari,32.0,1.0,MEDIUM,
2024,20,Mexico City Grand Prix,NOR,McLaren,30.0,1.0,MEDIUM,
2024,20,Mexico City Grand Prix,LEC,Ferrari,31.0,1.0,MEDIUM,
2024,20,Mexico City Grand Prix,LEC,Ferrari,69.0,2.0,HARD,
2024,20,Mexico City Grand Prix,HAM,Mercedes,28.0,1.0,MEDIUM,
2024,20,Mexico City Grand Prix,RUS,Mercedes,31.0,1.0,MEDIUM,
2024,20,Mexico City Grand Prix,VER,Red Bull Racing,26.0,1.0,MEDIUM,
2024,20,Mexico City Grand Prix,MAG,Haas F1 Team,30.0,1.0,MEDIUM,
2024,20,Mexico City Grand Prix,PIA,McLaren,39.0,1.0,MEDIUM,
2024,20,Mexico City Grand Prix,HUL,Haas F1 Team,29.0,1.0,MEDIUM,
2024,20,Mexico City Grand Prix,GAS,Alpine,28.0,1.0,MEDIUM,
2024,20,Mexico City Grand Prix,STR,Aston Martin,26.0,1.0,MEDIUM,
2024,20,Mexico City Grand Prix,COL,Williams,47.0,1.0,HARD,
2024,20,Mexico City Grand Prix,OCO,Alpine,48.0,1.0,HARD,
2024,20,Mexico City Grand Prix,BOT,Kick Sauber,49.0,1.0,HARD,
2024,20,Mexico City Grand Prix,ZHO,Kick Sauber,43.0,1.0,HARD,
2024,20,Mexico City Grand Prix,LAW,RB,39.0,1.0,HARD,
2024,20,Mexico City Grand Prix,LAW,RB,65.0,2.0,MEDIUM,
2024,20,Mexico City Grand Prix,PER,Red Bull Racing,20.0,1.0,HARD,
2024,20,Mexico City Grand Prix,PER,Red Bull Racing,43.0,2.0,MEDIUM,
2024,20,Mexico City Grand Prix,PER,Red Bull Racing,68.0,3.0,MEDIUM,
2024,20,Mexico City Grand Prix,ALO,Aston Martin,15.0,1.0,MEDIUM,
2024,21,São Paulo Grand Prix,VER,Red Bull Racing,32.0,1.0,INTERMEDIATE,
2024,21,São Paulo Grand Prix,GAS,Alpine,32.0,1.0,INTERMEDIATE,
2024,21,São Paulo Grand Prix,PER,Red Bull Racing,27.0,1.0,INTERMEDIATE,
2024,21,São Paulo Grand Prix,PER,Red Bull Racing,32.0,2.0,WET,
2024,21,São Paulo Grand Prix,ALO,Aston Martin,27.0,1.0,INTERMEDIATE,
2024,21,São Paulo Grand Prix,ALO,Aston Martin,32.0,2.0,INTERMEDIATE,
2024,21,São Paulo Grand Prix,LEC,Ferrari,24.0,1.0,INTERMEDIATE,
2024,21,São Paulo Grand Prix,LEC,Ferrari,32.0,2.0,INTERMEDIATE,
2024,21,São Paulo Grand Prix,TSU,RB,28.0,1.0,INTERMEDIATE,
2024,21,São Paulo Grand Prix,TSU,RB,32.0,2.0,WET,
2024,21,São Paulo Grand Prix,ZHO,Kick Sauber,27.0,1.0,INTERMEDIATE,
2024,21,São Paulo Grand Prix,ZHO,Kick Sauber,28.0,2.0,INTERMEDIATE,-100.586
2024,21,São Paulo Grand Prix,ZHO,Kick Sauber,31.0,3.0,WET,
2024,21,São Paulo Grand Prix,ZHO,Kick Sauber,32.0,4.0,INTERMEDIATE,-109.929
2024,21,São Paulo Grand Prix,HUL,Haas F1 Team,25.0,1.0,INTERMEDIATE,
2024,21,São Paulo Grand Prix,HUL,Haas F1 Team,27.0,2.0,INTERMEDIATE,
2024,21,São Paulo Grand Prix,HUL,Haas F1 Team,29.0,3.0,WET,
2024,21,São Paulo Grand Prix,HUL,Haas F1 Team,30.0,4.0,INTERMEDIATE,-141.23
2024,21,São Paulo Grand Prix,LAW,RB,28.0,1.0,INTERMEDIATE,
2024,21,São Paulo Grand Prix,LAW,RB,32.0,2.0,WET,
2024,21,São Paulo Grand Prix,OCO,Alpine,32.0,1.0,INTERMEDIATE,
2024,21,São Paulo Grand Prix,NOR,McLaren,28.0,1.0,INTERMEDIATE,
2024,21,São Paulo Grand Prix,NOR,McLaren,32.0,2.0,INTERMEDIATE,
2024,21,São Paulo Grand Prix,COL,Williams,26.0,1.0,INTERMEDIATE,
2024,21,São Paulo Grand Prix,COL,Williams,30.0,2.0,INTERMEDIATE,
2024,21,São Paulo Grand Prix,HAM,Mercedes,27.0,1.0,INTERMEDIATE,
2024,21,São Paulo Grand Prix,HAM,Mercedes,32.0,2.0,INTERMEDIATE,
2024,21,São Paulo Grand Prix,BEA,Haas F1 Team,27.0,1.0,INTERMEDIATE,
2024,21,São Paulo Grand Prix,BEA,Haas F1 Team,32.0,2.0,INTERMEDIATE,
2024,21,São Paulo Grand Prix,SAI,Ferrari,27.0,1.0,INTERMEDIATE,
2024,21,São Paulo Grand Prix,SAI,Ferrari,32.0,2.0,INTERMEDIATE,
2024,21,São Paulo Grand Prix,RUS,Mercedes,28.0,1.0,INTERMEDIATE,
2024,21,São Paulo Grand Prix,RUS,Mercedes,32.0,2.0,INTERMEDIATE,
2024,21,São Paulo Grand Prix,BOT,Kick Sauber,32.0,1.0,INTERMEDIATE,
2024,21,São Paulo Grand Prix,PIA,McLaren,27.0,1.0,INTERMEDIATE,
2024,21,São Paulo Grand Prix,PIA,McLaren,32.0,2.0,INTERMEDIATE,
2024,22,Las Vegas Grand Prix,RUS,Mercedes,12.0,1.0,MEDIUM,
2024,22,Las Vegas Grand Prix,RUS,Mercedes,32.0,2.0,HARD,
2024,22,Las Vegas Grand Prix,HAM,Mercedes,13.0,1.0,MEDIUM,
2024,22,Las Vegas Grand Prix,HAM,Mercedes,27.0,2.0,HARD,
2024,22,Las Vegas Grand Prix,SAI,Ferrari,10.0,1.0,MEDIUM,
2024,22,Las Vegas Grand Prix,SAI,Ferrari,28.0,2.0,HARD,
2024,22,Las Vegas Grand Prix,LEC,Ferrari,9.0,1.0,MEDIUM,
2024,22,Las Vegas Grand Prix,LEC,Ferrari,31.0,2.0,HARD,
2024,22,Las Vegas Grand Prix,VER,Red Bull Racing,11.0,1.0,MEDIUM,
2024,22,Las Vegas Grand Prix,VER,Red Bull Racing,27.0,2.0,HARD,
2024,22,Las Vegas Grand Prix,NOR,McLaren,9.0,1.0,MEDIUM,
2024,22,Las Vegas Grand Prix,NOR,McLaren,30.0,2.0,HARD,
2024,22,Las Vegas Grand Prix,NOR,McLaren,48.0,3.0,HARD,
2024,22,Las Vegas Grand Prix,PIA,McLaren,10.0,1.0,MEDIUM,
2024,22,Las Vegas Grand Prix,PIA,McLaren,25.0,2.0,HARD,
2024,22,Las Vegas Grand Prix,HUL,Haas F1 Team,14.0,1.0,MEDIUM,
2024,22,Las Vegas Grand Prix,HUL,Haas F1 Team,33.0,2.0,HARD,
2024,22,Las Vegas Grand Prix,TSU,RB,10.0,1.0,MEDIUM,
2024,22,Las Vegas Grand Prix,TSU,RB,29.0,2.0,HARD,
2024,22,Las Vegas Grand Prix,PER,Red Bull Racing,17.0,1.0,HARD,
2024,22,Las Vegas Grand Prix,PER,Red Bull Racing,32.0,2.0,MEDIUM,
2024,22,Las Vegas Grand Prix,ALO,Aston Martin,4.0,1.0,SOFT,
2024,22,Las Vegas Grand Prix,ALO,Aston Martin,24.0,2.0,HARD,
2024,22,Las Vegas Grand Prix,MAG,Haas F1 Team,17.0,1.0,MEDIUM,
2024,22,Las Vegas Grand Prix,ZHO,Kick Sauber,11.0,1.0,MEDIUM,
2024,22,Las Vegas Grand Prix,ZHO,Kick Sauber,34.0,2.0,HARD,
2024,22,Las Vegas Grand Prix,COL,Williams,16.0,1.0,HARD,
2024,22,Las Vegas Grand Prix,COL,Williams,26.0,2.0,MEDIUM,
2024,22,Las Vegas Grand Prix,STR,Aston Martin,9.0,1.0,MEDIUM,
2024,22,Las Vegas Grand Prix,STR,Aston Martin,28.0,2.0,HARD,
2024,22,Las Vegas Grand Prix,LAW,RB,11.0,1.0,MEDIUM,
2024,22,Las Vegas Grand Prix,LAW,RB,38.0,2.0,HARD,
2024,22,Las Vegas Grand Prix,OCO,Alpine,11.0,1.0,MEDIUM,
2024,22,Las Vegas Grand Prix,OCO,Alpine,12.0,2.0,MEDIUM,-99.268
2024,22,Las Vegas Grand Prix,OCO,Alpine,45.0,3.0,HARD,
2024,22,Las Vegas Grand Prix,BOT,Kick Sauber,17.0,1.0,HARD,
2024,22,Las Vegas Grand Prix,BOT,Kick Sauber,35.0,2.0,MEDIUM,
2024,22,Las Vegas Grand Prix,ALB,Williams,9.0,1.0,MEDIUM,
2024,22,Las Vegas Grand Prix,ALB,Williams,25.0,2.0,HARD,
2024,22,Las Vegas Grand Prix,GAS,Alpine,10.0,1.0,MEDIUM,
2024,22,Las Vegas Grand Prix,GAS,Alpine,15.0,2.0,HARD,
2024,23,Qatar Grand Prix,VER,Red Bull Racing,35.0,1.0,MEDIUM,
2024,23,Qatar Grand Prix,VER,Red Bull Racing,36.0,2.0,HARD,-140.907
2024,23,Qatar Grand Prix,VER,Red Bull Racing,37.0,3.0,HARD,-144.613
2024,23,Qatar Grand Prix,GAS,Alpine,35.0,1.0,MEDIUM,
2024,23,Qatar Grand Prix,GAS,Alpine,36.0,2.0,HARD,-113.344
2024,23,Qatar Grand Prix,GAS,Alpine,37.0,3.0,HARD,-117.652
2024,23,Qatar Grand Prix,PER,Red Bull Racing,35.0,1.0,MEDIUM,
2024,23,Qatar Grand Prix,PER,Red Bull Racing,36.0,2.0,HARD,-115.483
2024,23,Qatar Grand Prix,PER,Red Bull Racing,37.0,3.0,HARD,-134.327
2024,23,Qatar Grand Prix,ALO,Aston Martin,35.0,1.0,MEDIUM,
2024,23,Qatar Grand Prix,ALO,Aston Martin,36.0,2.0,HARD,-117.682
2024,23,Qatar Grand Prix,ALO,Aston Martin,37.0,3.0,MEDIUM,-106.047
2024,23,Qatar Grand Prix,LEC,Ferrari,35.0,1.0,MEDIUM,
2024,23,Qatar Grand Prix,LEC,Ferrari,36.0,2.0,HARD,-128.159
2024,23,Qatar Grand Prix,LEC,Ferrari,37.0,3.0,HARD,-141.022
2024,23,Qatar Grand Prix,STR,Aston Martin,1.0,1.0,MEDIUM,
2024,23,Qatar Grand Prix,STR,Aston Martin,7.0,2.0,HARD,
2024,23,Qatar Grand Prix,STR,Aston Martin,8.0,3.0,HARD,-98.845
2024,23,Qatar Grand Prix,MAG,Haas F1 Team,27.0,1.0,MEDIUM,
2024,23,Qatar Grand Prix,MAG,Haas F1 Team,36.0,2.0,HARD,
2024,23,Qatar Grand Prix,MAG,Haas F1 Team,37.0,3.0,HARD,-106.347
2024,23,Qatar Grand Prix,TSU,RB,35.0,1.0,MEDIUM,
2024,23,Qatar Grand Prix,TSU,RB,36.0,2.0,HARD,-114.202
2024,23,Qatar Grand Prix,TSU,RB,37.0,3.0,HARD,-95.141
2024,23,Qatar Grand Prix,TSU,RB,40.0,4.0,HARD,
2024,23,Qatar Grand Prix,ALB,Williams,35.0,1.0,MEDIUM,
2024,23,Qatar Grand Prix,ALB,Williams,36.0,2.0,SOFT,-113.541
2024,23,Qatar Grand Prix,ALB,Williams,37.0,3.0,SOFT,-94.712
2024,23,Qatar Grand Prix,ALB,Williams,55.0,4.0,SOFT,
2024,23,Qatar Grand Prix,ZHO,Kick Sauber,35.0,1.0,MEDIUM,
2024,23,Qatar Grand Prix,ZHO,Kick Sauber,36.0,2.0,HARD,-116.263
2024,23,Qatar Grand Prix,ZHO,Kick Sauber,37.0,3.0,HARD,-104.715
2024,23,Qatar Grand Prix,HUL,Haas F1 Team,1.0,1.0,HARD,
2024,23,Qatar Grand Prix,HUL,Haas F1 Team,31.0,2.0,HARD,
2024,23,Qatar Grand Prix,HUL,Haas F1 Team,36.0,3.0,MEDIUM,
2024,23,Qatar Grand Prix,HUL,Haas F1 Team,37.0,4.0,MEDIUM,-94.226
2024,23,Qatar Grand Prix,LAW,RB,35.0,1.0,MEDIUM,
2024,23,Qatar Grand Prix,LAW,RB,36.0,2.0,HARD,-114.428
2024,23,Qatar Grand Prix,LAW,RB,37.0,3.0,HARD,-92.926
2024,23,Qatar Grand Prix,LAW,RB,40.0,4.0,HARD,
2024,23,Qatar Grand Prix,NOR,McLaren,35.0,1.0,MEDIUM,
2024,23,Qatar Grand Prix,NOR,McLaren,36.0,2.0,HARD,-141.517
2024,23,Qatar Grand Prix,NOR,McLaren,37.0,3.0,HARD,-141.173
2024,23,Qatar Grand Prix,NOR,McLaren,45.0,4.0,HARD,
2024,23,Qatar Grand Prix,HAM,Mercedes,34.0,1.0,MEDIUM,
2024,23,Qatar Grand Prix,HAM,Mercedes,35.0,2.0,HARD,-139.835
2024,23,Qatar Grand Prix,HAM,Mercedes,36.0,3.0,HARD,-145.427
2024,23,Qatar Grand Prix,HAM,Mercedes,47.0,4.0,HARD,
2024,23,Qatar Grand Prix,SAI,Ferrari,34.0,1.0,MEDIUM,
2024,23,Qatar Grand Prix,SAI,Ferrari,36.0,2.0,HARD,
2024,23,Qatar Grand Prix,SAI,Ferrari,37.0,3.0,HARD,-108.432
2024,23,Qatar Grand Prix,RUS,Mercedes,23.0,1.0,MEDIUM,
2024,23,Qatar Grand Prix,RUS,Mercedes,35.0,2.0,HARD,
2024,23,Qatar Grand Prix,RUS,Mercedes,36.0,3.0,HARD,-114.311
2024,23,Qatar Grand Prix,RUS,Mercedes,37.0,4.0,HARD,-109.562
2024,23,Qatar Grand Prix,BOT,Kick Sauber,24.0,1.0,MEDIUM,
2024,23,Qatar Grand Prix,BOT,Kick Sauber,35.0,2.0,HARD,
2024,23,Qatar Grand Prix,BOT,Kick Sauber,36.0,3.0,MEDIUM,-140.972
2024,23,Qatar Grand Prix,PIA,McLaren,34.0,1.0,MEDIUM,
2024,23,Qatar Grand Prix,PIA,McLaren,36.0,2.0,HARD,
2024,23,Qatar Grand Prix,PIA,McLaren,37.0,3.0,HARD,-141.942
2024,24,Abu Dhabi Grand Prix,VER,Red Bull Racing,29.0,1.0,MEDIUM,
2024,24,Abu Dhabi Grand Prix,GAS,Alpine,14.0,1.0,MEDIUM,
2024,24,Abu Dhabi Grand Prix,ALO,Aston Martin,13.0,1.0,MEDIUM,
2024,24,Abu Dhabi Grand Prix,ALO,Aston Martin,37.0,2.0,HARD,
2024,24,Abu Dhabi Grand Prix,LEC,Ferrari,20.0,1.0,MEDIUM,
2024,24,Abu Dhabi Grand Prix,STR,Aston Martin,11.0,1.0,MEDIUM,
2024,24,Abu Dhabi Grand Prix,STR,Aston Martin,32.0,2.0,HARD,
2024,24,Abu Dhabi Grand Prix,MAG,Haas F1 Team,12.0,1.0,MEDIUM,
2024,24,Abu Dhabi Grand Prix,MAG,Haas F1 Team,29.0,2.0,HARD,
2024,24,Abu Dhabi Grand Prix,MAG,Haas F1 Team,30.0,3.0,HARD,-100.411
2024,24,Abu Dhabi Grand Prix,MAG,Haas F1 Team,55.0,4.0,SOFT,
2024,24,Abu Dhabi Grand Prix,TSU,RB,22.0,1.0,MEDIUM,
2024,24,Abu Dhabi Grand Prix,ALB,Williams,12.0,1.0,MEDIUM,
2024,24,Abu Dhabi Grand Prix,ZHO,Kick Sauber,12.0,1.0,MEDIUM,
2024,24,Abu Dhabi Grand Prix,ZHO,Kick Sauber,39.0,2.0,HARD,
2024,24,Abu Dhabi Grand Prix,HUL,Haas F1 Team,13.0,1.0,MEDIUM,
2024,24,Abu Dhabi Grand Prix,LAW,RB,23.0,1.0,MEDIUM,
2024,24,Abu Dhabi Grand Prix,LAW,RB,24.0,2.0,HARD,-93.052
2024,24,Abu Dhabi Grand Prix,LAW,RB,29.0,3.0,HARD,
2024,24,Abu Dhabi Grand Prix,NOR,McLaren,26.0,1.0,MEDIUM,
2024,24,Abu Dhabi Grand Prix,COL,Williams,3.0,1.0,MEDIUM,
2024,24,Abu Dhabi Grand Prix,COL,Williams,26.0,2.0,HARD,
2024,24,Abu Dhabi Grand Prix,HAM,Mercedes,34.0,1.0,HARD,
2024,24,Abu Dhabi Grand Prix,SAI,Ferrari,25.0,1.0,MEDIUM,
2024,24,Abu Dhabi Grand Prix,DOO,Alpine,22.0,1.0,MEDIUM,
2024,24,Abu Dhabi Grand Prix,RUS,Mercedes,26.0,1.0,MEDIUM,
2024,24,Abu Dhabi Grand Prix,BOT,Kick Sauber,6.0,1.0,MEDIUM,
2024,24,Abu Dhabi Grand Prix,BOT,Kick Sauber,30.0,2.0,HARD,
2024,24,Abu Dhabi Grand Prix,PIA,McLaren,4.0,1.0,MEDIUM,
2024,24,Abu Dhabi Grand Prix,PIA,McLaren,32.0,2.0,HARD,
